  (1).tmx,map--1--1.tmx,"ren ""  (1).tmx"" map--1--1.tmx"
  (10).tmx,map--1-0.tmx,"ren ""  (10).tmx"" map--1-0.tmx"
  (100).tmx,map--1-1.tmx,"ren ""  (100).tmx"" map--1-1.tmx"
  (101).tmx,map--1-2.tmx,"ren ""  (101).tmx"" map--1-2.tmx"
  (102).tmx,map--1-3.tmx,"ren ""  (102).tmx"" map--1-3.tmx"
  (103).tmx,map--1-4.tmx,"ren ""  (103).tmx"" map--1-4.tmx"
  (104).tmx,map--1-5.tmx,"ren ""  (104).tmx"" map--1-5.tmx"
  (105).tmx,map--1-6.tmx,"ren ""  (105).tmx"" map--1-6.tmx"
  (106).tmx,map--1-7.tmx,"ren ""  (106).tmx"" map--1-7.tmx"
  (107).tmx,map--1-8.tmx,"ren ""  (107).tmx"" map--1-8.tmx"
  (108).tmx,map--1-9.tmx,"ren ""  (108).tmx"" map--1-9.tmx"
  (109).tmx,map--1-10.tmx,"ren ""  (109).tmx"" map--1-10.tmx"
  (11).tmx,map--1-11.tmx,"ren ""  (11).tmx"" map--1-11.tmx"
  (110).tmx,map-0--1.tmx,"ren ""  (110).tmx"" map-0--1.tmx"
  (111).tmx,map-0-0.tmx,"ren ""  (111).tmx"" map-0-0.tmx"
  (112).tmx,map-0-1.tmx,"ren ""  (112).tmx"" map-0-1.tmx"
  (113).tmx,map-0-2.tmx,"ren ""  (113).tmx"" map-0-2.tmx"
  (114).tmx,map-0-3.tmx,"ren ""  (114).tmx"" map-0-3.tmx"
  (115).tmx,map-0-4.tmx,"ren ""  (115).tmx"" map-0-4.tmx"
  (116).tmx,map-0-5.tmx,"ren ""  (116).tmx"" map-0-5.tmx"
  (117).tmx,map-0-6.tmx,"ren ""  (117).tmx"" map-0-6.tmx"
  (118).tmx,map-0-7.tmx,"ren ""  (118).tmx"" map-0-7.tmx"
  (119).tmx,map-0-8.tmx,"ren ""  (119).tmx"" map-0-8.tmx"
  (12).tmx,map-0-9.tmx,"ren ""  (12).tmx"" map-0-9.tmx"
  (120).tmx,map-0-10.tmx,"ren ""  (120).tmx"" map-0-10.tmx"
  (121).tmx,map-0-11.tmx,"ren ""  (121).tmx"" map-0-11.tmx"
  (122).tmx,map-1--1.tmx,"ren ""  (122).tmx"" map-1--1.tmx"
  (123).tmx,map-1-0.tmx,"ren ""  (123).tmx"" map-1-0.tmx"
  (124).tmx,map-1-1.tmx,"ren ""  (124).tmx"" map-1-1.tmx"
  (125).tmx,map-1-2.tmx,"ren ""  (125).tmx"" map-1-2.tmx"
  (126).tmx,map-1-3.tmx,"ren ""  (126).tmx"" map-1-3.tmx"
  (127).tmx,map-1-4.tmx,"ren ""  (127).tmx"" map-1-4.tmx"
  (128).tmx,map-1-5.tmx,"ren ""  (128).tmx"" map-1-5.tmx"
  (129).tmx,map-1-6.tmx,"ren ""  (129).tmx"" map-1-6.tmx"
  (13).tmx,map-1-7.tmx,"ren ""  (13).tmx"" map-1-7.tmx"
  (130).tmx,map-1-8.tmx,"ren ""  (130).tmx"" map-1-8.tmx"
  (14).tmx,map-1-9.tmx,"ren ""  (14).tmx"" map-1-9.tmx"
  (15).tmx,map-1-10.tmx,"ren ""  (15).tmx"" map-1-10.tmx"
  (16).tmx,map-1-11.tmx,"ren ""  (16).tmx"" map-1-11.tmx"
  (17).tmx,map-2--1.tmx,"ren ""  (17).tmx"" map-2--1.tmx"
  (18).tmx,map-2-0.tmx,"ren ""  (18).tmx"" map-2-0.tmx"
  (19).tmx,map-2-1.tmx,"ren ""  (19).tmx"" map-2-1.tmx"
  (2).tmx,map-2-2.tmx,"ren ""  (2).tmx"" map-2-2.tmx"
  (20).tmx,map-2-3.tmx,"ren ""  (20).tmx"" map-2-3.tmx"
  (21).tmx,map-2-4.tmx,"ren ""  (21).tmx"" map-2-4.tmx"
  (22).tmx,map-2-5.tmx,"ren ""  (22).tmx"" map-2-5.tmx"
  (23).tmx,map-2-6.tmx,"ren ""  (23).tmx"" map-2-6.tmx"
  (24).tmx,map-2-7.tmx,"ren ""  (24).tmx"" map-2-7.tmx"
  (25).tmx,map-2-8.tmx,"ren ""  (25).tmx"" map-2-8.tmx"
  (26).tmx,map-2-9.tmx,"ren ""  (26).tmx"" map-2-9.tmx"
  (27).tmx,map-2-10.tmx,"ren ""  (27).tmx"" map-2-10.tmx"
  (28).tmx,map-2-11.tmx,"ren ""  (28).tmx"" map-2-11.tmx"
  (29).tmx,map-3--1.tmx,"ren ""  (29).tmx"" map-3--1.tmx"
  (3).tmx,map-3-0.tmx,"ren ""  (3).tmx"" map-3-0.tmx"
  (30).tmx,map-3-1.tmx,"ren ""  (30).tmx"" map-3-1.tmx"
  (31).tmx,map-3-2.tmx,"ren ""  (31).tmx"" map-3-2.tmx"
  (32).tmx,map-3-3.tmx,"ren ""  (32).tmx"" map-3-3.tmx"
  (33).tmx,map-3-4.tmx,"ren ""  (33).tmx"" map-3-4.tmx"
  (34).tmx,map-3-5.tmx,"ren ""  (34).tmx"" map-3-5.tmx"
  (35).tmx,map-3-6.tmx,"ren ""  (35).tmx"" map-3-6.tmx"
  (36).tmx,map-3-7.tmx,"ren ""  (36).tmx"" map-3-7.tmx"
  (37).tmx,map-3-8.tmx,"ren ""  (37).tmx"" map-3-8.tmx"
  (38).tmx,map-3-9.tmx,"ren ""  (38).tmx"" map-3-9.tmx"
  (39).tmx,map-3-10.tmx,"ren ""  (39).tmx"" map-3-10.tmx"
  (4).tmx,map-3-11.tmx,"ren ""  (4).tmx"" map-3-11.tmx"
  (40).tmx,map-4--1.tmx,"ren ""  (40).tmx"" map-4--1.tmx"
  (41).tmx,map-4-0.tmx,"ren ""  (41).tmx"" map-4-0.tmx"
  (42).tmx,map-4-1.tmx,"ren ""  (42).tmx"" map-4-1.tmx"
  (43).tmx,map-4-2.tmx,"ren ""  (43).tmx"" map-4-2.tmx"
  (44).tmx,map-4-3.tmx,"ren ""  (44).tmx"" map-4-3.tmx"
  (45).tmx,map-4-4.tmx,"ren ""  (45).tmx"" map-4-4.tmx"
  (46).tmx,map-4-5.tmx,"ren ""  (46).tmx"" map-4-5.tmx"
  (47).tmx,map-4-6.tmx,"ren ""  (47).tmx"" map-4-6.tmx"
  (48).tmx,map-4-7.tmx,"ren ""  (48).tmx"" map-4-7.tmx"
  (49).tmx,map-4-8.tmx,"ren ""  (49).tmx"" map-4-8.tmx"
  (5).tmx,map-4-9.tmx,"ren ""  (5).tmx"" map-4-9.tmx"
  (50).tmx,map-4-10.tmx,"ren ""  (50).tmx"" map-4-10.tmx"
  (51).tmx,map-4-11.tmx,"ren ""  (51).tmx"" map-4-11.tmx"
  (52).tmx,map-5--1.tmx,"ren ""  (52).tmx"" map-5--1.tmx"
  (53).tmx,map-5-0.tmx,"ren ""  (53).tmx"" map-5-0.tmx"
  (54).tmx,map-5-1.tmx,"ren ""  (54).tmx"" map-5-1.tmx"
  (55).tmx,map-5-2.tmx,"ren ""  (55).tmx"" map-5-2.tmx"
  (56).tmx,map-5-3.tmx,"ren ""  (56).tmx"" map-5-3.tmx"
  (57).tmx,map-5-4.tmx,"ren ""  (57).tmx"" map-5-4.tmx"
  (58).tmx,map-5-5.tmx,"ren ""  (58).tmx"" map-5-5.tmx"
  (59).tmx,map-5-6.tmx,"ren ""  (59).tmx"" map-5-6.tmx"
  (6).tmx,map-5-7.tmx,"ren ""  (6).tmx"" map-5-7.tmx"
  (60).tmx,map-5-8.tmx,"ren ""  (60).tmx"" map-5-8.tmx"
  (61).tmx,map-5-9.tmx,"ren ""  (61).tmx"" map-5-9.tmx"
  (62).tmx,map-5-10.tmx,"ren ""  (62).tmx"" map-5-10.tmx"
  (63).tmx,map-5-11.tmx,"ren ""  (63).tmx"" map-5-11.tmx"
  (64).tmx,map-6--1.tmx,"ren ""  (64).tmx"" map-6--1.tmx"
  (65).tmx,map-6-0.tmx,"ren ""  (65).tmx"" map-6-0.tmx"
  (66).tmx,map-6-1.tmx,"ren ""  (66).tmx"" map-6-1.tmx"
  (67).tmx,map-6-2.tmx,"ren ""  (67).tmx"" map-6-2.tmx"
  (68).tmx,map-6-3.tmx,"ren ""  (68).tmx"" map-6-3.tmx"
  (69).tmx,map-6-4.tmx,"ren ""  (69).tmx"" map-6-4.tmx"
  (7).tmx,map-6-5.tmx,"ren ""  (7).tmx"" map-6-5.tmx"
  (70).tmx,map-6-6.tmx,"ren ""  (70).tmx"" map-6-6.tmx"
  (71).tmx,map-6-7.tmx,"ren ""  (71).tmx"" map-6-7.tmx"
  (72).tmx,map-6-8.tmx,"ren ""  (72).tmx"" map-6-8.tmx"
  (73).tmx,map-6-9.tmx,"ren ""  (73).tmx"" map-6-9.tmx"
  (74).tmx,map-6-10.tmx,"ren ""  (74).tmx"" map-6-10.tmx"
  (75).tmx,map-6-11.tmx,"ren ""  (75).tmx"" map-6-11.tmx"
  (76).tmx,map-7--1.tmx,"ren ""  (76).tmx"" map-7--1.tmx"
  (77).tmx,map-7-0.tmx,"ren ""  (77).tmx"" map-7-0.tmx"
  (78).tmx,map-7-1.tmx,"ren ""  (78).tmx"" map-7-1.tmx"
  (79).tmx,map-7-2.tmx,"ren ""  (79).tmx"" map-7-2.tmx"
  (8).tmx,map-7-3.tmx,"ren ""  (8).tmx"" map-7-3.tmx"
  (80).tmx,map-7-4.tmx,"ren ""  (80).tmx"" map-7-4.tmx"
  (81).tmx,map-7-5.tmx,"ren ""  (81).tmx"" map-7-5.tmx"
  (82).tmx,map-7-6.tmx,"ren ""  (82).tmx"" map-7-6.tmx"
  (83).tmx,map-7-7.tmx,"ren ""  (83).tmx"" map-7-7.tmx"
  (84).tmx,map-7-8.tmx,"ren ""  (84).tmx"" map-7-8.tmx"
  (85).tmx,map-7-9.tmx,"ren ""  (85).tmx"" map-7-9.tmx"
  (86).tmx,map-7-10.tmx,"ren ""  (86).tmx"" map-7-10.tmx"
  (87).tmx,map-7-11.tmx,"ren ""  (87).tmx"" map-7-11.tmx"
  (88).tmx,map-8--1.tmx,"ren ""  (88).tmx"" map-8--1.tmx"
  (89).tmx,map-8-0.tmx,"ren ""  (89).tmx"" map-8-0.tmx"
  (9).tmx,map-8-1.tmx,"ren ""  (9).tmx"" map-8-1.tmx"
  (90).tmx,map-8-2.tmx,"ren ""  (90).tmx"" map-8-2.tmx"
  (91).tmx,map-8-3.tmx,"ren ""  (91).tmx"" map-8-3.tmx"
  (92).tmx,map-8-4.tmx,"ren ""  (92).tmx"" map-8-4.tmx"
  (93).tmx,map-8-5.tmx,"ren ""  (93).tmx"" map-8-5.tmx"
  (94).tmx,map-8-6.tmx,"ren ""  (94).tmx"" map-8-6.tmx"
  (95).tmx,map-8-7.tmx,"ren ""  (95).tmx"" map-8-7.tmx"
  (96).tmx,map-8-8.tmx,"ren ""  (96).tmx"" map-8-8.tmx"
  (97).tmx,map-8-9.tmx,"ren ""  (97).tmx"" map-8-9.tmx"
  (98).tmx,map-8-10.tmx,"ren ""  (98).tmx"" map-8-10.tmx"
  (99).tmx,map-8-11.tmx,"ren ""  (99).tmx"" map-8-11.tmx"
